survived,pclass,fare,familySize,age,sex_male,embarked_Q,embarked_S
1,1,211.3375,0,29.0,0,0,1
1,1,151.55,3,0.92,1,0,1
0,1,151.55,3,2.0,0,0,1
0,1,151.55,3,30.0,1,0,1
0,1,151.55,3,25.0,0,0,1
1,1,26.55,0,48.0,1,0,1
1,1,77.9583,1,63.0,0,0,1
0,1,0.0,0,39.0,1,0,1
1,1,51.4792,2,53.0,0,0,1
0,1,49.5042,0,71.0,1,0,0
0,1,227.525,1,47.0,1,0,0
1,1,227.525,1,18.0,0,0,0
1,1,69.3,0,24.0,0,0,0
1,1,78.85,0,26.0,0,0,1
1,1,30.0,0,80.0,1,0,1
0,1,25.925,0,28.0,1,0,1
0,1,247.5208,1,24.0,1,0,0
1,1,247.5208,1,50.0,0,0,0
1,1,76.2917,0,32.0,0,0,0
0,1,75.2417,0,36.0,1,0,0
1,1,52.5542,2,37.0,1,0,1
1,1,52.5542,2,47.0,0,0,1
1,1,30.0,0,26.0,1,0,0
1,1,227.525,0,42.0,0,0,0
1,1,221.7792,0,29.0,0,0,1
0,1,26.0,0,25.0,1,0,0
1,1,91.0792,1,25.0,1,0,0
1,1,91.0792,1,19.0,0,0,0
1,1,135.6333,0,35.0,0,0,1
1,1,26.55,0,28.0,1,0,1
0,1,35.5,0,45.0,1,0,1
1,1,31.0,0,40.0,1,0,0
1,1,164.8667,0,30.0,0,0,1
1,1,26.55,0,58.0,0,0,1
0,1,26.55,0,42.0,1,0,1
1,1,262.375,0,45.0,0,0,0
1,1,55.0,1,22.0,0,0,1
1,1,26.55,0,28.0,1,0,1
0,1,30.5,0,41.0,1,0,1
0,1,50.4958,0,48.0,1,0,0
0,1,39.6,0,28.0,1,0,0
1,1,27.7208,0,44.0,0,0,0
1,1,51.4792,2,59.0,0,0,1
1,1,76.2917,0,60.0,0,0,0
1,1,134.5,0,41.0,0,0,0
0,1,26.55,0,45.0,1,0,1
0,1,31.0,0,28.0,1,0,1
1,1,26.2875,0,42.0,1,0,1
1,1,27.4458,0,53.0,0,0,0
1,1,512.3292,1,36.0,1,0,0
1,1,512.3292,1,58.0,0,0,0
0,1,5.0,0,33.0,1,0,1
0,1,47.1,0,28.0,1,0,1
0,1,47.1,0,17.0,1,0,1
1,1,120.0,3,11.0,1,0,1
1,1,120.0,3,14.0,0,0,1
1,1,120.0,3,36.0,1,0,1
1,1,120.0,3,36.0,0,0,1
0,1,26.0,0,49.0,1,0,1
1,1,27.7208,0,28.0,0,0,0
0,1,78.85,1,36.0,1,0,1
1,1,78.85,1,76.0,0,0,1
0,1,61.175,1,46.0,1,0,1
1,1,61.175,1,47.0,0,0,1
1,1,53.1,1,27.0,1,0,1
1,1,53.1,1,33.0,0,0,1
1,1,262.375,0,36.0,0,0,0
1,1,86.5,0,30.0,0,0,1
1,1,29.7,0,45.0,1,0,0
1,1,55.0,1,28.0,0,0,1
0,1,0.0,0,28.0,1,0,1
0,1,136.7792,1,27.0,1,0,0
1,1,136.7792,1,26.0,0,0,0
1,1,151.55,0,22.0,0,0,1
0,1,52.0,0,28.0,1,0,1
0,1,25.5875,0,47.0,1,0,1
1,1,83.1583,2,39.0,0,0,0
0,1,83.1583,2,37.0,1,0,0
1,1,83.1583,2,64.0,0,0,0
1,1,25.7,2,55.0,0,0,1
0,1,26.55,0,28.0,1,0,1
0,1,71.0,2,70.0,1,0,1
1,1,71.0,2,36.0,0,0,1
1,1,26.55,2,64.0,0,0,1
0,1,71.2833,1,39.0,1,0,0
1,1,71.2833,1,38.0,0,0,0
1,1,26.55,0,51.0,1,0,1
1,1,30.5,0,27.0,1,0,1
1,1,151.55,0,33.0,0,0,1
0,1,52.0,1,31.0,1,0,1
1,1,52.0,3,27.0,0,0,1
1,1,57.0,1,31.0,1,0,1
1,1,57.0,1,17.0,0,0,1
1,1,81.8583,2,53.0,1,0,1
1,1,81.8583,2,4.0,1,0,1
1,1,81.8583,2,54.0,0,0,1
0,1,106.425,1,50.0,1,0,0
1,1,247.5208,2,27.0,0,0,0
1,1,106.425,1,48.0,0,0,0
1,1,39.6,1,48.0,0,0,0
1,1,56.9292,1,49.0,1,0,0
0,1,29.7,0,39.0,1,0,0
1,1,83.1583,1,23.0,0,0,0
1,1,227.525,0,38.0,0,0,0
1,1,78.2667,1,54.0,0,0,0
0,1,31.6792,0,36.0,0,0,0
0,1,221.7792,0,28.0,1,0,1
1,1,31.6833,0,28.0,0,0,1
1,1,110.8833,0,28.0,0,0,0
1,1,26.3875,0,36.0,1,0,1
0,1,27.75,0,30.0,1,0,0
1,1,263.0,5,24.0,0,0,1
1,1,263.0,5,28.0,0,0,1
1,1,263.0,5,23.0,0,0,1
0,1,263.0,5,19.0,1,0,1
0,1,263.0,5,64.0,1,0,1
1,1,263.0,5,60.0,0,0,1
1,1,56.9292,0,30.0,0,0,0
0,1,26.55,0,28.0,1,0,1
1,1,133.65,2,50.0,1,0,1
1,1,27.7208,1,43.0,1,0,0
1,1,133.65,1,28.0,0,0,1
1,1,49.5,2,22.0,0,0,0
1,1,79.2,2,60.0,1,0,0
1,1,79.2,2,48.0,0,0,0
0,1,0.0,0,28.0,1,0,1
0,1,53.1,1,37.0,1,0,1
1,1,53.1,1,35.0,0,0,1
0,1,38.5,0,47.0,1,0,1
1,1,211.5,0,35.0,0,0,0
1,1,59.4,1,22.0,0,0,0
1,1,59.4,1,45.0,0,0,0
0,1,79.2,0,24.0,1,0,0
1,1,89.1042,1,49.0,1,0,0
1,1,89.1042,1,28.0,0,0,0
0,1,34.6542,0,71.0,1,0,0
1,1,28.5,0,53.0,1,0,0
1,1,30.0,0,19.0,0,0,1
0,1,153.4625,1,38.0,1,0,1
1,1,153.4625,1,58.0,0,0,1
1,1,63.3583,1,23.0,1,0,0
1,1,63.3583,1,45.0,0,0,0
0,1,79.2,0,46.0,1,0,0
1,1,55.4417,1,25.0,1,0,0
1,1,55.4417,1,25.0,0,0,0
1,1,76.7292,1,48.0,1,0,0
1,1,76.7292,1,49.0,0,0,0
0,1,42.4,0,28.0,1,0,1
0,1,83.475,1,45.0,1,0,1
1,1,83.475,1,35.0,0,0,1
0,1,0.0,0,40.0,1,0,1
1,1,76.7292,0,27.0,1,0,0
1,1,30.0,0,28.0,1,0,1
1,1,83.1583,0,24.0,0,0,0
0,1,93.5,2,55.0,1,0,1
1,1,93.5,2,52.0,0,0,1
0,1,42.5,0,42.0,1,0,1
0,1,51.8625,0,28.0,1,0,1
0,1,50.0,0,55.0,1,0,1
1,1,57.9792,1,16.0,0,0,0
1,1,57.9792,1,44.0,0,0,0
1,1,77.9583,1,51.0,0,0,1
0,1,52.0,1,42.0,1,0,1
1,1,52.0,1,35.0,0,0,1
1,1,26.55,0,35.0,1,0,0
1,1,90.0,1,38.0,1,0,1
0,1,30.6958,0,28.0,1,0,0
1,1,90.0,1,35.0,0,0,1
1,1,80.0,0,38.0,0,0,0
0,1,28.7125,0,50.0,0,0,0
1,1,0.0,0,49.0,1,0,1
0,1,26.0,0,46.0,1,0,1
0,1,26.0,0,50.0,1,0,1
0,1,211.5,0,32.5,1,0,0
0,1,29.7,0,58.0,1,0,0
0,1,51.8625,1,41.0,1,0,1
1,1,51.8625,1,28.0,0,0,1
1,1,52.5542,1,42.0,1,0,1
1,1,52.5542,1,45.0,0,0,1
0,1,26.55,0,28.0,1,0,1
1,1,211.3375,0,39.0,0,0,1
1,1,25.9292,0,49.0,0,0,1
1,1,106.425,0,30.0,0,0,0
1,1,512.3292,0,35.0,1,0,0
0,1,27.7208,0,28.0,1,0,0
0,1,26.55,0,42.0,1,0,1
1,1,27.7208,0,55.0,0,0,0
1,1,39.4,1,16.0,0,0,1
1,1,39.4,1,51.0,0,0,1
0,1,30.0,0,29.0,1,0,1
1,1,77.9583,0,21.0,0,0,1
0,1,45.5,0,30.0,1,0,1
1,1,146.5208,0,58.0,0,0,0
1,1,211.3375,1,15.0,0,0,1
0,1,26.0,0,30.0,1,0,1
1,1,86.5,0,16.0,0,0,1
1,1,29.7,0,28.0,1,0,0
0,1,53.1,1,19.0,1,0,1
1,1,53.1,1,18.0,0,0,1
1,1,49.5042,0,24.0,0,0,0
0,1,75.2417,0,46.0,1,0,0
0,1,51.8625,0,54.0,1,0,1
1,1,26.2875,0,36.0,1,0,1
0,1,82.1708,1,28.0,1,0,0
1,1,82.1708,1,28.0,0,0,0
0,1,26.55,0,65.0,1,0,1
0,1,90.0,2,44.0,1,1,0
1,1,90.0,1,33.0,0,1,0
1,1,90.0,1,37.0,0,1,0
1,1,57.75,1,30.0,1,0,0
0,1,30.5,0,55.0,1,0,1
0,1,42.4,0,47.0,1,0,1
0,1,29.7,1,37.0,1,0,0
1,1,113.275,1,31.0,0,0,0
1,1,113.275,1,23.0,0,0,0
0,1,113.275,2,58.0,1,0,0
1,1,26.2833,2,19.0,0,0,1
0,1,26.0,0,64.0,1,0,1
1,1,108.9,0,39.0,0,0,0
1,1,25.7417,0,28.0,1,0,0
1,1,61.9792,1,22.0,0,0,0
0,1,61.9792,1,65.0,1,0,0
0,1,27.7208,0,28.5,1,0,0
0,1,0.0,0,28.0,1,0,1
0,1,28.5,0,45.5,1,0,1
0,1,93.5,0,23.0,1,0,1
0,1,66.6,1,29.0,1,0,1
1,1,66.6,1,22.0,0,0,1
0,1,108.9,1,18.0,1,0,0
1,1,108.9,1,17.0,0,0,0
1,1,93.5,0,30.0,0,0,1
1,1,30.5,0,52.0,1,0,1
0,1,52.0,0,47.0,1,0,1
1,1,83.1583,1,56.0,0,0,0
0,1,0.0,0,38.0,1,0,1
1,1,39.6,0,28.0,1,0,1
0,1,135.6333,0,22.0,1,0,0
0,1,227.525,0,28.0,1,0,0
1,1,211.3375,1,43.0,0,0,1
0,1,50.4958,0,31.0,1,0,1
1,1,26.55,0,45.0,1,0,1
0,1,50.0,0,28.0,1,0,1
1,1,27.7208,0,33.0,0,0,0
0,1,79.2,0,46.0,1,0,0
0,1,40.125,0,36.0,1,0,0
1,1,86.5,0,33.0,0,0,1
0,1,59.4,1,55.0,1,0,0
1,1,59.4,1,54.0,0,0,0
0,1,26.55,0,33.0,1,0,1
1,1,262.375,4,13.0,1,0,0
1,1,262.375,4,18.0,0,0,0
1,1,262.375,4,21.0,0,0,0
0,1,262.375,4,61.0,1,0,0
1,1,262.375,4,48.0,0,0,0
1,1,30.5,0,28.0,1,0,1
1,1,69.3,0,24.0,0,0,0
1,1,26.0,0,28.0,1,0,1
1,1,57.75,1,35.0,0,0,0
1,1,31.0,0,30.0,0,0,0
1,1,26.55,0,34.0,1,0,1
1,1,153.4625,0,40.0,0,0,1
1,1,26.2875,0,35.0,1,0,1
0,1,55.9,1,50.0,1,0,1
1,1,55.9,1,39.0,0,0,1
1,1,35.5,0,56.0,1,0,0
1,1,35.5,0,28.0,1,0,1
0,1,26.55,0,56.0,1,0,1
0,1,30.6958,0,56.0,1,0,0
0,1,60.0,1,24.0,1,0,1
0,1,26.0,0,28.0,1,0,1
1,1,60.0,1,18.0,0,0,1
1,1,82.2667,1,24.0,1,0,1
1,1,82.2667,1,23.0,0,0,1
1,1,134.5,2,6.0,1,0,0
1,1,134.5,2,45.0,1,0,0
1,1,134.5,2,40.0,0,0,0
0,1,146.5208,1,57.0,1,0,0
1,1,146.5208,1,28.0,0,0,0
1,1,30.5,0,32.0,1,0,0
0,1,26.55,0,62.0,1,0,1
1,1,55.4417,1,54.0,1,0,0
1,1,55.4417,1,43.0,0,0,0
1,1,78.2667,1,52.0,0,0,0
0,1,27.7208,0,28.0,1,0,0
1,1,80.0,0,62.0,0,0,0
0,1,221.7792,1,67.0,1,0,1
0,1,221.7792,1,63.0,0,0,1
0,1,32.3208,0,61.0,1,0,1
1,1,25.9292,0,48.0,0,0,1
1,1,79.65,2,18.0,0,0,1
0,1,79.65,2,52.0,1,0,1
1,1,79.65,2,39.0,0,0,1
1,1,52.0,1,48.0,1,0,1
1,1,52.0,1,28.0,0,0,1
0,1,110.8833,2,49.0,1,0,0
1,1,110.8833,2,17.0,1,0,0
1,1,110.8833,2,39.0,0,0,0
1,1,79.2,0,28.0,0,0,0
1,1,28.5375,0,31.0,1,0,0
0,1,27.7208,0,40.0,1,0,0
0,1,33.5,0,61.0,1,0,1
0,1,34.0208,0,47.0,1,0,1
1,1,512.3292,0,35.0,0,0,0
0,1,75.25,1,64.0,1,0,0
1,1,75.25,1,60.0,0,0,0
0,1,26.55,0,60.0,1,0,1
0,1,77.2875,1,54.0,1,0,1
0,1,77.2875,1,21.0,1,0,1
1,1,135.6333,0,55.0,0,0,0
1,1,164.8667,2,31.0,0,0,1
0,1,164.8667,2,57.0,1,0,1
1,1,164.8667,2,45.0,0,0,1
0,1,211.5,2,50.0,1,0,0
0,1,211.5,2,27.0,1,0,0
1,1,211.5,2,50.0,0,0,0
1,1,26.55,0,21.0,0,0,1
0,1,61.3792,1,51.0,1,0,0
1,1,61.3792,1,21.0,1,0,0
0,1,35.0,0,28.0,1,0,1
1,1,134.5,0,31.0,0,0,0
1,1,35.5,0,28.0,1,0,1
0,1,26.55,0,62.0,1,0,1
1,1,135.6333,0,36.0,0,0,0
0,2,24.0,1,30.0,1,0,0
1,2,24.0,1,28.0,0,0,0
0,2,13.0,0,30.0,1,0,1
0,2,11.5,0,18.0,1,0,1
0,2,10.5,0,25.0,1,0,1
0,2,26.0,1,34.0,1,0,1
1,2,26.0,1,36.0,0,0,1
0,2,13.0,0,57.0,1,0,1
0,2,11.5,0,18.0,1,0,1
0,2,10.5,0,23.0,1,0,1
1,2,13.0,0,36.0,0,0,1
0,2,10.5,0,28.0,1,0,1
0,2,12.525,0,51.0,1,0,1
1,2,26.0,1,32.0,1,0,1
1,2,26.0,1,19.0,0,0,1
0,2,26.0,0,28.0,1,0,1
1,2,39.0,3,1.0,1,0,1
1,2,39.0,3,4.0,0,0,1
1,2,39.0,3,12.0,0,0,1
1,2,39.0,3,36.0,0,0,1
1,2,13.0,0,34.0,1,0,1
1,2,13.0,0,19.0,0,0,1
0,2,13.0,0,23.0,1,0,1
0,2,13.0,0,26.0,1,0,1
0,2,13.0,0,42.0,1,0,1
0,2,13.0,0,27.0,1,0,1
1,2,13.0,0,24.0,0,0,1
1,2,39.0,2,15.0,0,0,1
0,2,39.0,2,60.0,1,0,1
1,2,39.0,2,40.0,0,0,1
1,2,26.0,1,20.0,0,0,1
0,2,26.0,1,25.0,1,0,1
1,2,13.0,0,36.0,0,0,1
0,2,13.0,0,25.0,1,0,1
0,2,13.0,0,42.0,1,0,1
1,2,13.0,0,42.0,0,0,1
1,2,29.0,2,0.83,1,0,1
1,2,29.0,2,26.0,1,0,1
1,2,29.0,2,22.0,0,0,1
1,2,21.0,0,35.0,0,0,1
0,2,0.0,0,28.0,1,0,1
0,2,13.0,0,19.0,1,0,1
0,2,26.0,1,44.0,0,0,1
0,2,26.0,1,54.0,1,0,1
0,2,13.5,0,52.0,1,0,1
0,2,26.0,1,37.0,1,0,1
0,2,26.0,1,29.0,0,0,1
1,2,30.0,2,25.0,0,0,1
1,2,30.0,2,45.0,0,0,1
0,2,26.0,1,29.0,1,0,1
1,2,26.0,1,28.0,0,0,1
0,2,10.5,0,29.0,1,0,1
0,2,13.0,0,28.0,1,0,1
1,2,10.5,0,24.0,1,0,1
1,2,26.25,2,8.0,0,0,1
0,2,26.25,2,31.0,1,0,1
1,2,26.25,2,31.0,0,0,1
1,2,10.5,0,22.0,0,0,1
0,2,13.0,0,30.0,0,0,1
0,2,21.0,0,28.0,0,0,1
0,2,11.5,0,21.0,1,0,1
0,2,0.0,0,28.0,1,0,1
1,2,36.75,2,8.0,1,0,1
0,2,73.5,0,18.0,1,0,1
1,2,36.75,2,48.0,0,0,1
1,2,13.0,0,28.0,0,0,1
0,2,13.0,0,32.0,1,0,1
0,2,73.5,0,17.0,1,0,1
0,2,27.7208,1,29.0,1,0,0
1,2,27.7208,1,24.0,0,0,0
0,2,31.5,0,25.0,1,0,1
0,2,73.5,0,18.0,1,0,1
1,2,23.0,1,18.0,0,0,1
1,2,23.0,1,34.0,0,0,1
0,2,26.0,0,54.0,1,0,1
1,2,32.5,2,8.0,1,0,1
0,2,32.5,2,42.0,1,0,1
1,2,32.5,2,34.0,0,0,1
1,2,13.8583,1,27.0,0,0,0
1,2,13.8583,1,30.0,0,0,0
0,2,13.0,0,23.0,1,0,1
0,2,13.0,0,21.0,1,0,1
0,2,13.0,0,18.0,1,0,1
0,2,26.0,1,40.0,1,0,1
1,2,26.0,1,29.0,0,0,1
0,2,10.5,0,18.0,1,0,1
0,2,13.0,0,36.0,1,0,1
0,2,0.0,0,28.0,1,0,1
0,2,13.0,0,38.0,0,0,1
0,2,26.0,0,35.0,1,0,1
0,2,21.0,1,38.0,1,0,1
0,2,21.0,1,34.0,1,0,1
1,2,13.0,0,34.0,0,0,1
0,2,26.0,0,16.0,1,0,1
0,2,10.5,0,26.0,1,0,1
0,2,10.5,0,47.0,1,0,1
0,2,11.5,1,21.0,1,0,1
0,2,11.5,1,21.0,1,0,1
0,2,13.5,0,24.0,1,0,1
0,2,13.0,0,24.0,1,0,1
0,2,13.0,0,34.0,1,0,1
0,2,13.0,0,30.0,1,0,1
0,2,13.0,0,52.0,1,0,1
0,2,13.0,0,30.0,1,0,1
1,2,14.5,2,0.67,1,0,1
1,2,14.5,2,24.0,0,0,1
0,2,13.0,0,44.0,1,0,1
1,2,33.0,1,6.0,0,0,1
0,2,33.0,1,28.0,1,0,1
1,2,10.5,0,62.0,1,0,1
0,2,10.5,0,30.0,1,0,1
1,2,26.25,2,7.0,0,0,1
0,2,26.25,2,43.0,1,0,1
1,2,26.25,2,45.0,0,0,1
1,2,65.0,3,24.0,0,0,1
1,2,65.0,3,24.0,0,0,1
0,2,65.0,3,49.0,1,0,1
1,2,65.0,3,48.0,0,0,1
1,2,16.0,0,55.0,0,0,1
0,2,73.5,2,24.0,1,0,1
0,2,73.5,2,32.0,1,0,1
0,2,73.5,2,21.0,1,0,1
0,2,13.0,2,18.0,0,0,1
1,2,23.0,3,20.0,0,0,1
0,2,11.5,3,23.0,1,0,1
0,2,13.0,0,36.0,1,0,1
1,2,23.0,4,54.0,0,0,1
0,2,13.0,0,50.0,1,0,1
0,2,26.0,1,44.0,1,0,1
1,2,26.0,1,29.0,0,0,1
0,2,73.5,0,21.0,1,0,1
1,2,13.0,0,42.0,1,0,1
0,2,26.0,1,63.0,1,0,1
0,2,26.0,1,60.0,0,0,1
0,2,12.275,0,33.0,1,0,1
1,2,10.5,0,17.0,0,0,1
0,2,27.0,1,42.0,1,0,1
1,2,27.0,3,24.0,0,0,1
0,2,15.0,0,47.0,1,0,1
0,2,31.5,2,24.0,1,0,1
0,2,31.5,2,22.0,1,0,1
0,2,10.5,0,32.0,1,0,1
1,2,13.7917,0,23.0,0,0,0
0,2,26.0,1,34.0,1,0,1
1,2,26.0,1,24.0,0,0,1
0,2,21.0,0,22.0,0,0,1
1,2,12.35,0,28.0,0,1,0
0,2,12.35,0,35.0,1,1,0
1,2,13.5,0,45.0,0,0,1
0,2,12.35,0,57.0,1,1,0
0,2,0.0,0,28.0,1,0,1
0,2,10.5,0,31.0,1,0,1
0,2,26.0,2,26.0,0,0,1
0,2,26.0,2,30.0,1,0,1
0,2,10.7083,0,28.0,1,1,0
1,2,41.5792,3,1.0,0,0,0
1,2,41.5792,3,3.0,0,0,0
0,2,41.5792,3,25.0,1,0,0
1,2,41.5792,3,22.0,0,0,0
1,2,12.0,0,17.0,0,0,0
1,2,33.0,0,28.0,0,0,1
1,2,10.5,0,34.0,0,0,1
0,2,12.875,0,36.0,1,0,0
0,2,10.5,0,24.0,1,0,1
0,2,12.35,0,61.0,1,1,0
0,2,26.0,1,50.0,1,0,1
1,2,26.0,1,42.0,0,0,1
0,2,10.5,0,57.0,0,0,1
0,2,15.0458,0,28.0,1,0,0
1,2,37.0042,2,1.0,1,0,0
0,2,37.0042,2,31.0,1,0,0
1,2,37.0042,2,24.0,0,0,0
0,2,15.5792,0,28.0,1,0,0
0,2,13.0,0,30.0,1,0,1
0,2,16.0,0,40.0,1,0,1
0,2,13.5,0,32.0,1,0,1
0,2,13.0,0,30.0,1,0,1
0,2,26.0,0,46.0,1,0,1
1,2,19.5,1,13.0,0,0,1
1,2,19.5,1,41.0,0,0,1
1,2,10.5,0,19.0,1,0,1
0,2,13.0,0,39.0,1,0,1
0,2,13.0,0,48.0,1,0,1
0,2,10.5,0,70.0,1,0,1
0,2,13.0,0,27.0,1,0,1
0,2,14.0,0,54.0,1,0,1
0,2,26.0,0,39.0,1,0,1
0,2,10.5,0,16.0,1,0,1
0,2,9.6875,0,62.0,1,1,0
0,2,30.0708,1,32.5,1,0,0
1,2,30.0708,1,14.0,0,0,0
1,2,26.0,2,2.0,1,0,1
1,2,26.0,2,3.0,1,0,1
0,2,26.0,2,36.5,1,0,1
0,2,13.0,0,26.0,1,0,1
0,2,36.75,2,19.0,1,0,1
0,2,13.5,0,28.0,1,0,1
1,2,13.8625,0,20.0,1,0,0
1,2,10.5,0,29.0,0,0,1
0,2,13.0,0,39.0,1,0,1
1,2,10.5,0,22.0,1,0,1
1,2,13.8625,0,28.0,1,0,0
0,2,10.5,0,23.0,1,0,1
1,2,13.8583,0,29.0,1,0,0
0,2,10.5,0,28.0,1,0,1
0,2,0.0,0,28.0,1,0,1
1,2,26.0,1,50.0,0,0,1
0,2,10.5,0,19.0,1,0,1
0,2,15.05,0,28.0,1,0,0
0,2,13.0,0,41.0,1,0,1
1,2,21.0,1,21.0,0,0,1
1,2,26.0,0,19.0,0,0,1
0,2,21.0,1,43.0,1,0,1
1,2,13.0,0,32.0,0,0,1
0,2,13.0,0,34.0,1,0,1
1,2,12.7375,0,30.0,1,0,0
0,2,15.0333,0,27.0,1,0,0
1,2,26.0,2,2.0,0,0,1
1,2,26.0,2,8.0,0,0,1
1,2,26.0,2,33.0,0,0,1
0,2,10.5,0,36.0,1,0,1
0,2,21.0,1,34.0,1,0,1
1,2,21.0,3,30.0,0,0,1
1,2,13.0,0,28.0,0,0,1
0,2,15.0458,0,23.0,1,0,0
1,2,18.75,2,0.83,1,0,1
1,2,18.75,2,3.0,1,0,1
1,2,18.75,5,24.0,0,0,1
1,2,10.5,0,50.0,0,0,1
0,2,10.5,0,19.0,1,0,1
1,2,10.5,0,21.0,0,0,1
0,2,13.0,0,26.0,1,0,1
0,2,13.0,0,25.0,1,0,1
0,2,26.0,0,27.0,1,0,1
1,2,26.0,1,25.0,0,0,1
1,2,13.0,2,18.0,0,0,1
1,2,36.75,0,20.0,0,0,1
1,2,13.0,0,30.0,0,0,1
0,2,13.5,0,59.0,1,0,1
1,2,12.35,0,30.0,0,1,0
0,2,10.5,0,35.0,1,0,1
1,2,13.0,0,40.0,0,0,1
0,2,13.0,0,25.0,1,0,1
0,2,15.0458,0,41.0,1,0,0
0,2,10.5,0,25.0,1,0,1
0,2,13.0,0,18.5,1,0,1
0,2,65.0,0,14.0,1,0,1
1,2,10.5,0,50.0,0,0,1
0,2,13.0,0,23.0,1,0,1
1,2,12.65,0,28.0,0,0,1
1,2,10.5,0,27.0,0,0,1
0,2,21.0,1,29.0,1,0,1
0,2,21.0,1,27.0,0,0,1
0,2,13.0,0,40.0,1,0,1
1,2,21.0,0,31.0,0,0,1
0,2,21.0,1,30.0,1,0,1
0,2,10.5,1,23.0,1,0,1
1,2,21.0,0,31.0,0,0,1
0,2,0.0,0,28.0,1,0,1
1,2,15.75,0,12.0,0,0,1
1,2,15.75,0,40.0,0,0,1
1,2,13.0,0,32.5,0,0,1
0,2,26.0,1,27.0,1,0,1
1,2,26.0,1,29.0,0,0,1
1,2,23.0,2,2.0,1,0,1
1,2,23.0,2,4.0,0,0,1
1,2,23.0,2,29.0,0,0,1
1,2,27.75,3,0.92,0,0,1
1,2,27.75,3,5.0,0,0,1
0,2,27.75,3,36.0,1,0,1
1,2,27.75,3,33.0,0,0,1
0,2,10.5,0,66.0,1,0,1
0,2,12.875,0,28.0,1,0,1
1,2,13.0,0,31.0,1,0,1
1,2,13.0,0,28.0,1,0,1
1,2,13.5,0,26.0,0,0,1
0,2,13.0,0,24.0,0,0,1
0,3,7.55,0,42.0,1,0,1
0,3,20.25,2,13.0,1,0,1
0,3,20.25,2,16.0,1,0,1
1,3,20.25,2,35.0,0,0,1
1,3,7.65,0,16.0,0,0,1
1,3,7.65,0,25.0,1,0,1
1,3,7.925,0,20.0,1,0,1
1,3,7.2292,0,18.0,0,0,0
0,3,7.25,0,30.0,1,0,1
0,3,8.05,0,26.0,1,0,1
0,3,9.475,1,40.0,0,0,1
1,3,9.35,1,0.83,1,0,1
1,3,9.35,1,18.0,0,0,1
1,3,18.7875,0,26.0,1,0,0
0,3,7.8875,0,26.0,1,0,1
0,3,7.925,0,20.0,1,0,1
0,3,7.05,0,24.0,1,0,1
0,3,7.05,0,25.0,1,0,1
0,3,8.05,0,35.0,1,0,1
0,3,8.3,0,18.0,1,0,1
0,3,22.525,0,32.0,1,0,1
1,3,7.8542,1,19.0,0,0,1
0,3,31.275,6,4.0,1,0,1
0,3,31.275,6,6.0,0,0,1
0,3,31.275,6,2.0,0,0,1
1,3,7.925,6,17.0,0,0,1
0,3,7.775,6,38.0,0,0,1
0,3,31.275,6,9.0,0,0,1
0,3,31.275,6,11.0,0,0,1
0,3,31.275,6,39.0,1,0,1
1,3,7.7958,0,27.0,1,0,1
0,3,7.775,0,26.0,1,0,1
0,3,31.275,6,39.0,0,0,1
0,3,7.8542,0,20.0,1,0,1
0,3,7.8958,0,26.0,1,0,1
0,3,17.8,1,25.0,1,0,1
0,3,17.8,1,18.0,0,0,1
0,3,7.775,0,24.0,1,0,1
0,3,7.05,0,35.0,1,0,1
0,3,31.3875,6,5.0,1,0,1
0,3,31.3875,6,9.0,1,0,1
1,3,31.3875,6,3.0,1,0,1
0,3,31.3875,6,13.0,1,0,1
1,3,31.3875,6,5.0,0,0,1
0,3,31.3875,6,40.0,1,0,1
1,3,7.7958,0,23.0,1,0,1
1,3,31.3875,6,38.0,0,0,1
1,3,7.225,0,45.0,0,0,0
0,3,7.225,0,21.0,1,0,0
0,3,7.05,0,23.0,1,0,1
0,3,14.4583,0,17.0,0,0,0
0,3,7.225,0,30.0,1,0,0
0,3,7.8542,0,23.0,1,0,1
1,3,7.2292,0,13.0,0,0,0
0,3,7.225,0,20.0,1,0,0
0,3,15.85,1,32.0,1,0,1
1,3,15.85,3,33.0,0,0,1
1,3,19.2583,3,0.75,0,0,0
1,3,19.2583,3,0.75,0,0,0
1,3,19.2583,3,5.0,0,0,0
1,3,19.2583,3,24.0,0,0,0
1,3,8.05,0,18.0,0,0,1
0,3,7.225,0,40.0,1,0,0
0,3,7.8958,0,26.0,1,0,1
1,3,7.2292,0,20.0,1,0,0
0,3,14.4542,1,18.0,0,0,0
0,3,14.4542,1,45.0,0,0,0
0,3,7.8792,0,27.0,0,1,0
0,3,8.05,0,22.0,1,0,1
0,3,8.05,0,19.0,1,0,1
0,3,7.775,0,26.0,1,0,1
0,3,9.35,0,22.0,1,0,1
0,3,7.2292,0,28.0,1,0,0
0,3,4.0125,0,20.0,1,0,0
1,3,56.4958,0,32.0,1,0,1
0,3,7.775,0,21.0,1,0,1
0,3,7.75,0,18.0,1,0,1
0,3,7.8958,0,26.0,1,0,1
0,3,15.2458,2,6.0,1,0,0
0,3,15.2458,2,9.0,0,0,0
0,3,7.225,0,28.0,1,0,0
0,3,15.2458,2,28.0,0,0,0
0,3,7.75,2,28.0,0,1,0
0,3,15.5,2,40.0,1,1,0
0,3,15.5,2,32.0,0,1,0
0,3,16.1,0,21.0,1,0,1
1,3,7.725,0,22.0,0,1,0
0,3,7.8542,0,20.0,0,0,1
0,3,7.0458,1,29.0,1,0,1
0,3,7.25,1,22.0,1,0,1
0,3,7.7958,0,22.0,1,0,1
0,3,8.05,0,35.0,1,0,1
0,3,7.2833,0,18.5,0,1,0
1,3,7.8208,0,21.0,1,1,0
0,3,6.75,0,19.0,1,1,0
0,3,7.8792,0,18.0,0,1,0
0,3,8.6625,0,21.0,0,0,1
0,3,8.6625,0,30.0,0,0,1
0,3,8.6625,0,18.0,1,0,1
0,3,8.6625,0,38.0,1,0,1
0,3,8.6625,0,17.0,1,0,1
0,3,8.6625,0,17.0,1,0,1
0,3,7.75,0,21.0,0,1,0
0,3,7.75,0,21.0,1,1,0
0,3,8.05,0,21.0,1,0,1
0,3,14.4583,1,28.0,1,0,0
0,3,14.4583,1,28.0,0,0,0
0,3,7.7958,0,28.0,1,0,1
0,3,7.8542,0,24.0,1,0,1
1,3,7.75,0,16.0,0,1,0
0,3,7.75,0,37.0,0,1,0
0,3,7.25,0,28.0,1,0,1
0,3,8.05,0,24.0,1,0,1
0,3,7.7333,0,21.0,1,1,0
1,3,56.4958,0,32.0,1,0,1
0,3,8.05,0,29.0,1,0,1
0,3,14.4542,1,26.0,1,0,0
0,3,14.4542,1,18.0,1,0,0
0,3,7.05,0,20.0,1,0,1
1,3,8.05,0,18.0,1,0,1
0,3,7.25,0,24.0,1,1,0
0,3,7.4958,0,36.0,1,0,1
0,3,7.4958,0,24.0,1,0,1
0,3,7.7333,0,31.0,1,1,0
0,3,7.75,0,31.0,1,1,0
1,3,7.75,0,22.0,0,1,0
0,3,7.6292,0,30.0,0,1,0
0,3,7.75,0,70.5,1,1,0
0,3,8.05,0,43.0,1,0,1
0,3,7.8958,0,35.0,1,0,1
0,3,7.8958,0,27.0,1,0,1
0,3,7.8958,0,19.0,1,0,1
0,3,8.05,0,30.0,1,0,1
1,3,15.9,2,9.0,1,0,1
1,3,15.9,2,3.0,1,0,1
1,3,15.9,2,36.0,0,0,1
0,3,7.25,0,59.0,1,0,1
0,3,8.1583,0,19.0,1,0,1
1,3,16.1,1,17.0,0,0,1
0,3,16.1,1,44.0,1,0,1
0,3,8.6625,0,17.0,1,0,1
0,3,7.225,0,22.5,1,0,0
1,3,8.05,0,45.0,1,0,1
0,3,10.5167,0,22.0,0,0,1
0,3,10.1708,0,19.0,1,0,1
1,3,6.95,0,30.0,0,1,0
1,3,7.75,0,29.0,1,1,0
0,3,14.4,2,0.33,1,0,1
0,3,14.4,2,34.0,1,0,1
0,3,14.4,2,28.0,0,0,1
0,3,7.8958,0,27.0,1,0,1
0,3,7.8958,0,25.0,1,0,1
0,3,24.15,2,24.0,1,0,1
0,3,8.05,0,22.0,1,0,1
0,3,24.15,2,21.0,1,0,1
0,3,8.05,2,17.0,1,0,1
0,3,16.1,1,28.0,1,0,1
1,3,16.1,1,28.0,0,0,1
1,3,17.4,1,36.5,1,0,1
1,3,17.4,1,36.0,0,0,1
1,3,9.5,0,30.0,1,0,1
0,3,9.5,0,16.0,1,0,1
1,3,20.575,3,1.0,1,0,1
1,3,20.575,3,0.17,0,0,1
0,3,20.575,3,26.0,1,0,1
1,3,20.575,3,33.0,0,0,1
0,3,7.8958,0,25.0,1,0,1
0,3,7.8958,0,28.0,1,0,1
0,3,7.8958,0,28.0,1,0,1
0,3,7.25,0,22.0,1,0,1
0,3,7.25,0,36.0,1,0,1
1,3,7.8792,0,19.0,0,1,0
0,3,7.8958,0,17.0,1,0,1
0,3,8.6625,0,42.0,1,0,1
0,3,7.8958,0,43.0,1,0,1
0,3,7.2292,0,28.0,1,0,0
0,3,7.75,0,32.0,1,1,0
1,3,8.05,0,19.0,1,0,1
1,3,12.475,0,30.0,0,0,1
0,3,7.75,0,24.0,0,1,0
1,3,8.05,0,23.0,0,0,1
0,3,7.8958,0,33.0,1,0,0
0,3,7.75,0,65.0,1,1,0
1,3,7.55,0,24.0,1,0,1
0,3,13.9,1,23.0,1,0,1
1,3,13.9,1,22.0,0,0,1
0,3,7.775,0,18.0,1,0,1
0,3,7.775,0,16.0,1,0,1
0,3,6.975,0,45.0,1,0,1
0,3,7.225,0,28.0,1,0,0
0,3,7.2292,2,39.0,1,0,0
0,3,7.2292,2,17.0,1,0,0
0,3,7.2292,2,15.0,1,0,0
0,3,7.25,0,47.0,1,0,1
1,3,12.475,0,5.0,0,0,1
0,3,7.225,0,28.0,1,0,0
0,3,15.1,0,40.5,1,0,1
0,3,7.75,0,40.5,1,1,0
1,3,7.05,0,28.0,1,0,1
0,3,7.7958,0,18.0,1,0,1
0,3,7.75,0,28.0,0,1,0
0,3,7.75,0,28.0,1,1,0
0,3,6.95,0,28.0,1,1,0
0,3,7.8792,0,26.0,1,1,0
0,3,7.75,0,28.0,1,1,0
1,3,56.4958,0,28.0,1,0,1
0,3,34.375,4,21.0,0,0,1
0,3,34.375,4,9.0,0,0,1
0,3,8.05,0,28.0,1,0,1
0,3,34.375,4,18.0,1,0,1
0,3,34.375,4,16.0,1,0,1
0,3,34.375,4,48.0,0,0,1
0,3,7.75,0,28.0,1,1,0
0,3,7.25,0,28.0,1,0,1
0,3,7.7417,0,25.0,1,1,0
0,3,14.5,0,28.0,1,0,1
0,3,7.8958,0,28.0,1,0,0
0,3,8.05,0,22.0,1,0,1
1,3,7.7333,0,16.0,0,1,0
1,3,7.75,0,28.0,0,1,0
1,3,20.525,2,9.0,1,0,1
0,3,20.525,2,33.0,1,0,1
0,3,7.85,0,41.0,1,0,1
1,3,20.525,2,31.0,0,0,1
0,3,7.05,0,38.0,1,0,1
0,3,46.9,7,9.0,1,0,1
0,3,46.9,7,1.0,1,0,1
0,3,46.9,7,11.0,1,0,1
0,3,46.9,7,10.0,0,0,1
0,3,46.9,7,16.0,0,0,1
0,3,46.9,7,14.0,1,0,1
0,3,46.9,7,40.0,1,0,1
0,3,46.9,7,43.0,0,0,1
0,3,8.05,0,51.0,1,0,1
0,3,8.3625,0,32.0,1,0,1
0,3,8.05,0,28.0,1,0,1
0,3,9.8458,0,20.0,1,0,1
0,3,7.925,2,37.0,1,0,1
0,3,7.925,2,28.0,1,0,1
0,3,7.775,0,19.0,1,0,1
0,3,8.85,0,24.0,0,0,1
0,3,7.7333,0,17.0,0,1,0
0,3,19.9667,1,28.0,1,0,1
0,3,19.9667,1,28.0,1,0,1
0,3,15.85,1,28.0,1,0,1
1,3,15.85,1,24.0,0,0,1
0,3,9.5,0,20.0,1,0,1
0,3,7.2292,0,23.5,1,0,0
0,3,14.1083,2,41.0,1,0,1
0,3,7.8542,1,26.0,1,0,1
0,3,7.8542,0,21.0,1,0,1
1,3,14.1083,1,45.0,0,0,1
0,3,7.55,0,28.0,0,0,1
0,3,7.25,0,25.0,1,0,1
0,3,6.8583,0,28.0,1,1,0
0,3,18.7875,0,11.0,1,0,0
1,3,7.75,0,28.0,0,1,0
1,3,6.975,0,27.0,1,0,1
1,3,56.4958,0,28.0,1,0,1
0,3,6.75,0,18.0,0,1,0
1,3,7.925,0,26.0,0,0,1
0,3,7.925,0,23.0,0,0,1
1,3,8.9625,0,22.0,0,0,1
0,3,7.8958,0,28.0,1,0,1
0,3,7.775,0,28.0,0,0,1
0,3,7.75,0,28.0,0,1,0
1,3,12.2875,1,2.0,0,0,1
1,3,12.2875,2,22.0,0,0,1
0,3,6.45,0,43.0,1,0,1
0,3,22.525,0,28.0,1,0,1
1,3,7.925,0,27.0,0,0,1
0,3,7.75,0,28.0,1,1,0
1,3,8.05,0,28.0,0,0,1
0,3,7.65,0,42.0,1,0,1
1,3,7.8875,0,28.0,1,0,1
0,3,7.2292,0,30.0,1,0,0
0,3,7.8958,0,28.0,1,0,1
0,3,7.925,1,27.0,0,0,1
0,3,7.925,1,25.0,0,0,1
0,3,7.8958,0,28.0,1,0,1
1,3,7.8958,0,29.0,1,0,0
1,3,7.7958,0,21.0,1,0,1
0,3,7.05,0,28.0,1,0,1
0,3,7.8542,0,20.0,1,0,1
0,3,7.8542,0,48.0,1,0,1
0,3,7.0542,1,17.0,1,0,1
1,3,7.75,0,28.0,0,1,0
1,3,8.1125,0,28.0,1,0,1
0,3,6.4958,0,34.0,1,0,1
1,3,7.775,0,26.0,1,0,1
0,3,7.7958,0,22.0,1,0,1
0,3,8.6542,0,33.0,1,0,1
0,3,7.775,0,31.0,1,0,1
0,3,7.8542,0,29.0,1,0,1
1,3,11.1333,2,4.0,1,0,1
1,3,11.1333,2,1.0,0,0,1
0,3,0.0,0,49.0,1,0,1
0,3,7.775,0,33.0,1,0,1
0,3,0.0,0,19.0,1,0,1
1,3,11.1333,2,27.0,0,0,1
0,3,23.45,3,28.0,1,0,1
0,3,23.45,3,28.0,0,0,1
0,3,23.45,3,28.0,1,0,1
0,3,23.45,3,28.0,0,0,1
0,3,7.8958,0,23.0,1,0,1
1,3,7.8542,0,32.0,1,0,1
0,3,7.8542,0,27.0,1,0,1
0,3,9.825,1,20.0,0,0,1
0,3,9.825,1,21.0,0,0,1
1,3,7.925,0,32.0,1,0,1
0,3,7.125,0,17.0,1,0,1
0,3,8.4333,0,21.0,1,0,1
0,3,7.8958,0,30.0,1,0,1
1,3,7.7958,0,21.0,1,0,1
0,3,7.8542,0,33.0,1,0,1
0,3,7.5208,0,22.0,1,0,1
1,3,13.4167,1,4.0,0,0,0
1,3,13.4167,1,39.0,1,0,0
0,3,7.2292,0,28.0,1,0,0
0,3,7.2292,0,18.5,1,0,0
0,3,7.75,0,28.0,1,1,0
0,3,7.25,0,28.0,1,0,1
1,3,7.75,0,28.0,0,1,0
1,3,7.75,0,28.0,0,1,0
0,3,7.8292,0,34.5,1,1,0
0,3,8.05,0,44.0,1,0,1
1,3,7.75,0,28.0,1,1,0
0,3,14.4542,1,28.0,1,0,0
0,3,14.4542,1,28.0,0,0,0
0,3,7.75,1,28.0,1,1,0
0,3,7.75,1,28.0,1,1,0
0,3,7.7375,0,28.0,1,1,0
0,3,8.6625,2,22.0,0,0,1
0,3,8.6625,2,26.0,1,0,1
1,3,22.025,2,4.0,0,0,1
1,3,22.025,4,29.0,1,0,1
1,3,22.025,2,26.0,0,0,1
0,3,12.1833,2,1.0,0,0,1
0,3,7.8542,2,18.0,1,0,1
0,3,12.1833,2,36.0,0,0,1
0,3,7.8958,0,28.0,1,0,0
1,3,7.2292,0,25.0,1,0,0
0,3,7.225,0,28.0,1,0,0
0,3,9.5875,0,37.0,0,0,1
0,3,7.8958,0,28.0,1,0,1
1,3,56.4958,0,28.0,1,0,1
0,3,56.4958,0,28.0,1,0,1
1,3,7.25,0,22.0,0,0,1
0,3,7.75,0,28.0,1,1,0
1,3,56.4958,0,26.0,1,0,1
0,3,9.4833,0,29.0,1,0,1
0,3,7.775,0,29.0,1,0,1
0,3,7.775,0,22.0,1,0,1
1,3,7.225,0,22.0,1,0,0
0,3,25.4667,4,28.0,1,0,1
0,3,25.4667,4,28.0,0,0,1
0,3,25.4667,4,28.0,0,0,1
0,3,25.4667,4,28.0,0,0,1
0,3,25.4667,4,28.0,0,0,1
0,3,7.925,0,32.0,1,0,1
0,3,6.4375,0,34.5,1,0,0
0,3,15.5,1,28.0,0,1,0
0,3,15.5,1,28.0,1,1,0
0,3,0.0,0,36.0,1,0,1
0,3,24.15,0,39.0,1,0,1
0,3,9.5,0,24.0,1,0,1
0,3,7.775,0,25.0,0,0,1
0,3,7.75,0,45.0,0,0,1
0,3,15.55,1,36.0,1,0,1
0,3,15.55,1,30.0,0,0,1
1,3,7.925,1,20.0,1,0,1
0,3,7.8792,0,28.0,1,1,0
0,3,56.4958,0,28.0,1,0,1
0,3,7.55,0,28.0,1,0,1
0,3,16.1,1,30.0,1,0,1
0,3,16.1,1,26.0,0,0,1
0,3,7.8792,0,28.0,1,0,1
0,3,7.25,0,20.5,1,0,1
1,3,8.6625,0,27.0,1,0,1
0,3,7.0542,0,51.0,1,0,1
1,3,7.8542,0,23.0,0,0,1
1,3,7.5792,0,32.0,1,0,1
0,3,7.8958,0,28.0,1,0,1
0,3,7.55,0,28.0,1,0,1
1,3,7.75,0,28.0,0,1,0
1,3,7.1417,0,24.0,1,0,1
0,3,7.125,0,22.0,1,0,1
0,3,7.8792,0,28.0,0,1,0
0,3,7.75,0,28.0,1,1,0
0,3,8.05,0,28.0,1,0,1
0,3,7.925,0,29.0,1,0,1
1,3,7.2292,0,28.0,1,0,0
0,3,7.75,0,30.5,0,1,0
1,3,7.7375,0,28.0,0,1,0
0,3,7.2292,0,28.0,1,0,0
0,3,7.8958,0,35.0,1,0,0
0,3,7.8958,0,33.0,1,0,1
1,3,7.225,0,28.0,0,0,0
0,3,7.8958,0,28.0,1,0,0
1,3,7.75,0,28.0,0,1,0
1,3,7.75,0,28.0,1,1,0
1,3,23.25,2,28.0,0,1,0
1,3,23.25,2,28.0,0,1,0
1,3,23.25,2,28.0,1,1,0
1,3,7.7875,0,28.0,0,1,0
0,3,15.5,0,28.0,1,1,0
1,3,7.8792,0,28.0,0,1,0
1,3,8.0292,0,15.0,0,1,0
0,3,7.75,0,35.0,0,1,0
0,3,7.75,0,28.0,1,1,0
0,3,16.1,1,24.0,1,0,1
0,3,16.1,1,19.0,0,0,1
0,3,7.75,0,28.0,0,1,0
0,3,8.05,0,28.0,0,0,1
0,3,8.05,0,28.0,0,0,1
0,3,8.05,0,55.5,1,0,1
0,3,7.75,0,28.0,1,1,0
1,3,7.775,0,21.0,1,0,1
0,3,8.05,0,28.0,1,0,1
0,3,7.8958,0,24.0,1,0,1
0,3,7.8958,0,21.0,1,0,1
0,3,7.8958,0,28.0,1,0,1
0,3,7.8958,0,28.0,1,0,1
1,3,7.8792,0,28.0,0,1,0
0,3,7.65,0,25.0,1,0,1
1,3,12.475,1,6.0,1,0,1
1,3,12.475,1,27.0,0,0,1
0,3,8.05,0,28.0,1,0,1
1,3,24.15,1,28.0,0,1,0
0,3,24.15,1,28.0,1,1,0
0,3,8.4583,0,28.0,1,1,0
0,3,8.05,0,34.0,1,0,1
0,3,7.75,0,28.0,1,1,0
1,3,7.775,0,28.0,1,0,1
1,3,15.2458,2,28.0,1,0,0
1,3,15.2458,2,28.0,1,0,0
1,3,15.2458,2,28.0,0,0,0
1,3,7.2292,0,28.0,0,0,0
0,3,8.05,0,28.0,1,0,1
1,3,7.7333,0,28.0,0,1,0
1,3,7.75,0,24.0,0,1,0
0,3,8.05,0,28.0,1,0,1
1,3,15.5,1,28.0,0,1,0
1,3,15.5,1,28.0,0,1,0
1,3,15.5,0,28.0,0,1,0
0,3,7.75,0,18.0,1,0,1
0,3,7.8958,0,22.0,1,0,1
1,3,7.225,0,15.0,0,0,0
1,3,15.7417,2,1.0,0,0,0
1,3,15.7417,2,20.0,1,0,0
1,3,15.7417,2,19.0,0,0,0
0,3,8.05,0,33.0,1,0,1
0,3,7.8958,0,28.0,1,0,1
0,3,7.2292,0,28.0,1,0,0
0,3,7.75,0,28.0,0,1,0
0,3,7.8958,0,28.0,1,0,1
1,3,11.2417,1,12.0,1,0,0
1,3,11.2417,1,14.0,0,0,0
0,3,7.925,0,29.0,0,0,1
0,3,8.05,0,28.0,1,0,1
1,3,7.775,0,18.0,0,0,1
1,3,7.8542,0,26.0,0,0,1
0,3,7.8542,0,21.0,1,0,1
0,3,7.125,0,41.0,1,0,1
1,3,7.925,0,39.0,1,0,1
0,3,7.8,0,21.0,1,0,1
0,3,7.2292,0,28.5,1,0,0
1,3,7.75,0,22.0,0,0,1
0,3,6.2375,0,61.0,1,0,1
0,3,15.5,1,28.0,1,1,0
0,3,7.8292,0,28.0,1,1,0
1,3,15.5,1,28.0,0,1,0
0,3,7.7333,0,28.0,1,1,0
0,3,7.75,0,28.0,1,1,0
0,3,7.75,0,28.0,1,1,0
0,3,9.225,0,23.0,1,0,1
0,3,7.75,0,28.0,0,1,0
1,3,7.75,0,28.0,0,1,0
1,3,7.8792,0,28.0,0,1,0
1,3,7.775,0,22.0,0,0,1
1,3,7.75,0,28.0,1,1,0
1,3,7.8292,0,28.0,0,1,0
1,3,3.1708,1,9.0,1,0,1
0,3,22.525,0,28.0,1,0,1
0,3,8.4042,1,42.0,1,0,1
0,3,7.3125,0,28.0,1,0,1
0,3,7.8542,0,31.0,0,0,1
0,3,7.8542,0,28.0,1,0,1
1,3,7.775,0,32.0,1,0,1
0,3,9.225,0,20.0,1,0,1
0,3,8.6625,0,23.0,0,0,1
0,3,8.6625,0,20.0,0,0,1
0,3,8.6625,0,20.0,1,0,1
0,3,9.2167,0,16.0,1,0,1
1,3,8.6833,0,31.0,0,0,1
0,3,7.6292,0,28.0,0,1,0
0,3,21.075,4,2.0,1,0,1
0,3,21.075,4,6.0,1,0,1
0,3,21.075,4,3.0,0,0,1
0,3,21.075,4,8.0,0,0,1
0,3,21.075,4,29.0,0,0,1
0,3,39.6875,5,1.0,1,0,1
0,3,39.6875,5,7.0,1,0,1
0,3,39.6875,5,2.0,1,0,1
0,3,39.6875,5,16.0,1,0,1
0,3,39.6875,5,14.0,1,0,1
0,3,39.6875,5,41.0,0,0,1
0,3,8.6625,0,21.0,1,0,1
0,3,14.5,0,19.0,1,0,1
0,3,8.7125,0,28.0,1,0,0
0,3,7.8958,0,32.0,1,0,1
0,3,13.775,2,0.75,1,0,1
0,3,13.775,2,3.0,0,0,1
0,3,13.775,2,26.0,0,0,1
0,3,7.0,0,28.0,1,0,1
0,3,7.775,0,28.0,1,0,1
0,3,8.05,0,28.0,1,0,1
0,3,7.925,0,21.0,1,0,1
0,3,7.925,0,25.0,1,0,1
0,3,7.25,0,22.0,1,0,1
1,3,7.775,1,25.0,1,0,1
1,3,22.3583,2,28.0,1,0,0
1,3,22.3583,2,28.0,0,0,0
1,3,22.3583,2,28.0,0,0,0
0,3,8.1375,0,28.0,0,1,0
0,3,8.05,0,24.0,1,0,1
0,3,7.8958,0,28.0,0,0,1
0,3,7.8958,0,19.0,1,0,1
0,3,7.8958,0,28.0,1,0,1
0,3,7.775,1,25.0,1,0,1
0,3,7.775,0,18.0,0,0,1
1,3,8.05,0,32.0,1,0,1
0,3,7.8958,0,28.0,1,0,1
0,3,8.6625,0,17.0,1,0,1
0,3,8.6625,0,24.0,1,0,1
0,3,7.8958,0,28.0,1,0,1
0,3,8.1125,0,28.0,0,0,1
0,3,7.2292,0,28.0,1,0,0
0,3,7.25,0,28.0,1,0,1
0,3,7.8958,0,38.0,1,0,1
0,3,8.05,0,21.0,1,0,1
0,3,29.125,5,10.0,1,1,0
0,3,29.125,5,4.0,1,1,0
0,3,29.125,5,7.0,1,1,0
0,3,29.125,5,2.0,1,1,0
0,3,29.125,5,8.0,1,1,0
0,3,29.125,5,39.0,0,1,0
0,3,39.6875,0,22.0,0,0,1
0,3,7.125,0,35.0,1,0,1
1,3,7.7208,0,28.0,0,1,0
0,3,14.5,0,28.0,1,0,1
0,3,14.5,0,28.0,0,0,1
0,3,14.5,1,50.0,1,0,1
0,3,14.5,1,47.0,0,0,1
0,3,8.05,0,28.0,1,0,1
0,3,7.775,0,28.0,1,0,1
0,3,20.2125,2,2.0,0,0,1
0,3,20.2125,2,18.0,1,0,1
0,3,20.2125,2,41.0,0,0,1
1,3,8.05,0,28.0,0,0,1
0,3,8.05,0,50.0,1,0,1
0,3,8.05,0,16.0,1,0,1
1,3,7.75,0,28.0,1,1,0
0,3,24.15,0,28.0,1,1,0
0,3,7.2292,0,28.0,1,0,0
0,3,7.225,0,25.0,1,0,0
0,3,7.225,0,28.0,1,0,0
0,3,7.7292,0,28.0,1,1,0
0,3,7.575,0,28.0,1,0,1
0,3,7.25,0,38.5,1,0,1
0,3,69.55,10,28.0,1,0,1
0,3,69.55,10,14.5,1,0,1
0,3,69.55,10,28.0,0,0,1
0,3,69.55,10,28.0,0,0,1
0,3,69.55,10,28.0,0,0,1
0,3,69.55,10,28.0,0,0,1
0,3,69.55,10,28.0,1,0,1
0,3,69.55,10,28.0,1,0,1
0,3,69.55,10,28.0,1,0,1
0,3,69.55,10,28.0,1,0,1
0,3,69.55,10,28.0,0,0,1
0,3,9.325,0,24.0,1,0,1
1,3,7.65,0,21.0,0,0,1
0,3,7.925,0,39.0,1,0,1
0,3,21.6792,2,28.0,1,0,0
0,3,21.6792,2,28.0,1,0,0
0,3,21.6792,2,28.0,1,0,0
1,3,16.7,2,1.0,0,0,1
1,3,16.7,2,24.0,0,0,1
1,3,16.7,2,4.0,0,0,1
1,3,9.5,0,25.0,1,0,1
0,3,8.05,0,20.0,1,0,1
0,3,8.05,0,24.5,1,0,1
0,3,7.725,0,28.0,1,1,0
0,3,7.8958,0,28.0,1,0,1
0,3,7.75,0,28.0,1,1,0
1,3,9.5,0,29.0,1,0,1
0,3,15.1,0,28.0,1,0,1
1,3,7.7792,0,28.0,0,1,0
0,3,8.05,0,28.0,1,0,1
0,3,8.05,0,28.0,1,0,1
0,3,7.2292,0,22.0,1,0,0
0,3,8.05,0,28.0,1,0,1
0,3,7.8958,0,40.0,1,0,1
0,3,7.925,0,21.0,1,0,1
1,3,7.4958,0,18.0,0,0,1
0,3,27.9,5,4.0,1,0,1
0,3,27.9,5,10.0,1,0,1
0,3,27.9,5,9.0,0,0,1
0,3,27.9,5,2.0,0,0,1
0,3,27.9,5,40.0,1,0,1
0,3,27.9,5,45.0,0,0,1
0,3,7.8958,0,28.0,1,0,1
0,3,8.05,0,28.0,1,0,1
0,3,8.6625,0,28.0,1,0,1
0,3,7.75,0,28.0,1,1,0
1,3,7.7333,0,28.0,0,1,0
0,3,7.65,0,19.0,1,0,1
0,3,8.05,0,30.0,1,0,1
0,3,8.05,0,28.0,1,0,1
0,3,8.05,0,32.0,1,0,1
0,3,7.8958,0,28.0,1,0,1
0,3,8.6625,0,33.0,1,0,0
1,3,7.55,0,23.0,0,0,1
0,3,8.05,0,21.0,1,0,1
0,3,14.4542,0,60.5,1,0,1
0,3,7.8958,0,19.0,1,0,1
0,3,9.8375,0,22.0,0,0,1
1,3,7.925,0,31.0,1,0,1
0,3,8.6625,0,27.0,1,0,1
0,3,10.4625,1,2.0,0,0,1
0,3,10.4625,2,29.0,0,0,1
1,3,8.05,0,16.0,1,0,1
1,3,7.925,0,44.0,1,0,1
0,3,7.05,0,25.0,1,0,1
0,3,7.775,0,74.0,1,0,1
1,3,9.225,0,14.0,1,0,1
0,3,7.7958,0,24.0,1,0,1
1,3,7.7958,0,25.0,1,0,1
0,3,8.05,0,34.0,1,0,1
1,3,8.5167,1,0.42,1,0,0
0,3,6.4375,1,28.0,1,0,0
0,3,6.4375,0,28.0,1,0,0
0,3,7.225,0,28.0,1,0,0
1,3,8.5167,2,16.0,0,0,0
0,3,8.05,0,28.0,1,0,1
0,3,16.1,1,28.0,1,0,1
1,3,16.1,1,28.0,0,0,1
0,3,7.925,0,32.0,1,0,1
0,3,7.75,0,28.0,1,1,0
0,3,7.8958,0,28.0,1,0,1
0,3,8.05,0,30.5,1,0,1
0,3,8.05,0,44.0,1,0,1
0,3,7.2292,0,28.0,1,0,0
1,3,0.0,0,25.0,1,0,1
0,3,7.2292,0,28.0,1,0,0
1,3,15.2458,2,7.0,1,0,0
1,3,15.2458,2,9.0,0,0,0
1,3,15.2458,2,29.0,0,0,0
0,3,7.8958,0,36.0,1,0,1
1,3,9.8417,0,18.0,0,0,1
1,3,9.5875,0,63.0,0,0,1
0,3,14.5,2,28.0,1,0,1
0,3,14.5,2,11.5,1,0,1
0,3,14.5,2,40.5,1,0,1
0,3,24.15,2,10.0,0,0,1
0,3,24.15,2,36.0,1,0,1
0,3,24.15,2,30.0,0,0,1
0,3,9.5,0,28.0,1,0,1
0,3,9.5,0,33.0,1,0,1
0,3,9.5,0,28.0,1,0,1
0,3,9.5,0,28.0,1,0,1
0,3,9.0,0,47.0,1,0,1
0,3,18.0,2,18.0,0,0,1
0,3,18.0,3,31.0,1,0,1
0,3,18.0,2,16.0,1,0,1
0,3,18.0,1,31.0,0,0,1
1,3,7.225,0,22.0,1,0,0
0,3,7.8542,0,20.0,1,0,1
0,3,7.8542,0,14.0,0,0,1
0,3,7.8958,0,22.0,1,0,1
0,3,9.0,0,22.0,1,0,1
0,3,8.05,0,28.0,1,0,1
0,3,7.55,0,28.0,1,0,1
0,3,8.05,0,28.0,1,0,1
0,3,9.5,0,32.5,1,0,1
1,3,7.2292,0,38.0,0,0,0
0,3,7.75,0,51.0,1,0,1
0,3,6.4958,1,18.0,1,0,1
0,3,6.4958,1,21.0,1,0,1
1,3,7.0,1,47.0,0,0,1
0,3,8.7125,0,28.0,1,0,1
0,3,7.55,0,28.0,1,0,1
0,3,8.05,0,28.0,1,0,1
0,3,16.1,0,28.5,1,0,1
0,3,7.25,0,21.0,1,0,1
0,3,8.6625,0,27.0,1,0,1
0,3,7.25,0,28.0,1,0,1
0,3,9.5,0,36.0,1,0,1
0,3,14.4542,1,27.0,1,0,0
1,3,14.4542,1,15.0,0,0,0
0,3,7.225,0,45.5,1,0,0
0,3,7.225,0,28.0,1,0,0
0,3,14.4583,0,28.0,1,0,0
0,3,14.4542,1,14.5,0,0,0
0,3,14.4542,1,28.0,0,0,0
0,3,7.225,0,26.5,1,0,0
0,3,7.225,0,27.0,1,0,0
0,3,7.875,0,29.0,1,0,1
